vendor,count,total,average,share_pct
Nova Inc,3610,1820809911.17,504379.48,7.66
Jupiter Steel,3630,1817450950.55,500675.19,7.64
Bright Logistics,3633,1807832457.61,497614.22,7.6
Indigo Print Works,3546,1789386362.14,504621.08,7.53
XYZ Corp,3596,1788953748.73,497484.36,7.52
Horizon Foods,3579,1780745751.81,497554.0,7.49
Global Office Mart,3565,1778982029.17,499013.19,7.48
Delta Ltd,3496,1762452987.0,504134.15,7.41
Apex Supplies,3560,1761160152.39,494707.91,7.41
Falcon Tech,3462,1732447942.55,500418.24,7.29
Lotus Packaging,3490,1730443045.18,495828.95,7.28
Kaveri Chemicals,3450,1717521985.16,497832.46,7.22
ABC Ltd,3413,1701948130.42,498666.31,7.16
UNKNOWN,1560,783642693.33,502335.06,3.3
